City_ID,City,Country,Lat,Lng,Max Temp,Humidity,Cloudiness,Wind Speed,Current Description
0,Zhigansk,RU,66.7697,123.3711,-1.71,100,87,8.25,overcast clouds
1,Katsuura,JP,35.1333,140.3,55.78,63,99,9.82,overcast clouds
2,Lasa,IT,46.6166,10.7002,45.48,90,39,6.87,scattered clouds
3,Butaritari,KI,3.0707,172.7902,81.3,78,29,14.32,scattered clouds
4,Awbari,LY,26.5921,12.7805,68.29,29,0,15.99,clear sky
5,Constitucion,CL,-35.3333,-72.4167,57.43,73,4,7.29,clear sky
6,Tiksi,RU,71.6872,128.8694,-7.42,97,60,4.36,broken clouds
7,Port Lincoln,AU,-34.7333,135.8667,64.94,88,100,9.62,overcast clouds
8,Tuktoyaktuk,CA,69.4541,-133.0374,1.4,66,20,5.75,few clouds
9,Kapaa,US,22.0752,-159.319,80.58,83,20,18.41,few clouds
10,Ilulissat,GL,69.2167,-51.1,15.82,67,75,9.22,light shower snow
11,Luderitz,NA,-26.6481,15.1594,63.61,58,0,12.64,clear sky
12,Mount Isa,AU,-20.7333,139.5,74.97,31,10,0.0,clear sky
13,Rikitea,PF,-23.1203,-134.9692,78.12,70,5,13.04,light rain
14,Ushuaia,AR,-54.8,-68.3,39.06,76,80,3.18,broken clouds
15,Bethel,US,41.3712,-73.414,64.49,73,100,8.99,light rain
16,Waingapu,ID,-9.6567,120.2641,79.27,87,73,6.11,light rain
17,Punta Arenas,CL,-53.15,-70.9167,44.71,81,40,6.91,scattered clouds
18,Comodoro Rivadavia,AR,-45.8667,-67.5,57.06,67,0,14.97,clear sky
19,Chute-Aux-Outardes,CA,49.1168,-68.399,39.18,75,75,13.8,broken clouds
20,Mataura,NZ,-46.1927,168.8643,48.33,70,74,3.49,broken clouds
21,Kaitong,CN,44.8135,123.15,43.12,30,67,9.33,broken clouds
22,Ankang,CN,32.68,109.0172,45.7,88,100,1.28,overcast clouds
23,Severo-Kurilsk,RU,50.6789,156.125,31.66,75,100,13.04,overcast clouds
24,Itarema,BR,-2.9248,-39.9167,79.09,82,57,6.93,broken clouds
25,Esperance,AU,-33.8667,121.9,58.84,71,85,12.93,overcast clouds
26,Puerto Ayora,EC,-0.7393,-90.3518,80.56,80,79,7.85,broken clouds
27,Nuuk,GL,64.1835,-51.7216,27.21,63,13,9.22,few clouds
28,Hobart,AU,-42.8794,147.3294,59.25,89,0,3.44,clear sky
29,Katete,UG,-0.7818,29.7544,62.33,96,100,1.72,overcast clouds
30,Kariba,ZW,-16.5167,28.8,74.14,68,82,4.12,broken clouds
31,Coihaique,CL,-45.5752,-72.0662,57.81,66,0,3.44,clear sky
32,Lata,PT,40.1629,-8.3327,51.57,93,20,1.59,few clouds
33,Georgetown,MY,5.4112,100.3354,79.95,94,20,2.3,few clouds
34,Muroto,JP,33.2833,134.15,57.15,50,100,4.47,overcast clouds
35,Sao Jose Da Coroa Grande,BR,-8.8978,-35.1478,81.25,83,6,10.76,clear sky
36,Saskylakh,RU,71.9167,114.0833,13.14,93,99,17.0,overcast clouds
37,Isangel,VU,-19.55,169.2667,83.28,70,9,4.59,clear sky
38,Alenquer,BR,-1.9417,-54.7383,77.14,90,91,1.5,overcast clouds
39,Busselton,AU,-33.65,115.3333,55.62,76,16,9.19,few clouds
40,Bijie,CN,27.3125,105.2942,42.67,95,100,5.32,light rain
41,Yandyki,RU,45.7691,47.1258,51.87,73,8,6.13,clear sky
42,Faanui,PF,-16.4833,-151.75,82.13,71,8,15.37,clear sky
43,Arlit,NE,18.7369,7.3853,79.41,10,100,9.33,overcast clouds
44,Leh,IN,34.1667,77.5833,34.23,45,0,5.41,clear sky
45,Port Alfred,ZA,-33.5906,26.891,61.18,88,100,1.01,overcast clouds
46,Nikolskoye,RU,59.7035,30.7861,35.8,82,68,2.8,broken clouds
47,Taltal,CL,-25.4,-70.4833,63.72,73,24,7.18,few clouds
48,Erzin,TR,36.9559,36.2,58.84,58,11,3.33,few clouds
49,Minas De Barroteran,MX,27.6333,-101.2833,97.23,28,63,10.09,broken clouds
50,Bambous Virieux,MU,-20.3428,57.7575,79.05,83,75,8.05,light rain
51,Albany,US,42.6001,-73.9662,40.64,89,100,2.01,moderate rain
52,Haines Junction,CA,60.7522,-137.5108,39.15,38,100,4.61,overcast clouds
53,Thinadhoo,MV,0.5333,72.9333,83.01,70,15,8.41,few clouds
54,Skjervoy,NO,70.0311,20.9714,46.4,86,100,36.13,overcast clouds
55,Norman Wells,CA,65.282,-126.8329,16.41,69,84,3.56,broken clouds
56,Wanning,CN,18.8003,110.3967,76.62,84,100,6.11,overcast clouds
57,Torbay,CA,47.6666,-52.7314,51.76,47,40,28.77,scattered clouds
58,Jamestown,US,42.097,-79.2353,45.52,39,20,17.27,few clouds
59,Usinsk,RU,65.9939,57.5281,13.86,95,43,4.54,scattered clouds
60,Cherskiy,RU,68.75,161.3,18.84,92,100,9.4,light snow
61,Vaini,TO,-21.2,-175.2,84.36,79,40,6.91,scattered clouds
62,San Andres,CO,12.5847,-81.7006,84.22,70,20,10.36,few clouds
63,Pangkalanbuun,ID,-2.6833,111.6167,72.18,95,87,2.04,overcast clouds
64,Bluff,NZ,-46.6,168.3333,48.29,73,94,7.52,overcast clouds
65,Gainesville,US,29.6516,-82.3248,86.11,56,20,3.44,few clouds
66,Bredasdorp,ZA,-34.5322,20.0403,58.41,75,0,11.36,clear sky
67,Sterling,US,39.0062,-77.4286,79.66,47,75,6.91,broken clouds
68,Chokurdakh,RU,70.6333,147.9167,-3.41,99,100,2.91,overcast clouds
69,Sharkan,RU,57.2989,53.8712,28.58,78,96,1.23,overcast clouds
70,Qaanaaq,GL,77.484,-69.3632,-13.49,79,47,5.57,scattered clouds
71,New Norfolk,AU,-42.7826,147.0587,58.91,75,100,2.42,overcast clouds
72,Hilo,US,19.7297,-155.09,76.28,94,100,5.01,light rain
73,Broken Hill,AU,-31.95,141.4333,68.41,38,0,16.51,clear sky
74,Cairns,AU,-16.9167,145.7667,76.95,73,100,8.05,overcast clouds
75,Cidreira,BR,-30.1811,-50.2056,65.97,71,100,7.58,overcast clouds
76,Aranda De Duero,ES,41.6704,-3.6892,50.56,62,0,5.08,clear sky
77,Sao Filipe,CV,14.8961,-24.4956,71.01,79,36,9.78,scattered clouds
78,Kang,BW,-23.6752,22.7876,62.38,82,81,13.67,broken clouds
79,Saurimo,AO,-9.6608,20.3916,64.98,97,87,2.91,light rain
80,Dikson,RU,73.5069,80.5464,10.58,93,100,15.68,overcast clouds
81,Cape Town,ZA,-33.9258,18.4232,59.92,70,0,14.0,clear sky
82,Kattivakkam,IN,13.2167,80.3167,86.09,84,32,7.9,scattered clouds
83,Te Anau,NZ,-45.4167,167.7167,45.12,77,97,1.32,overcast clouds
84,Yinchuan,CN,38.4681,106.2731,46.11,58,100,8.77,overcast clouds
85,Pevek,RU,69.7008,170.3133,6.94,92,100,6.53,overcast clouds
86,Taoudenni,ML,22.6783,-3.9836,79.5,19,0,10.58,clear sky
87,Tasiilaq,GL,65.6145,-37.6368,35.76,97,100,13.02,light rain
88,Tshela,CD,-4.9833,12.9333,73.51,99,58,0.76,broken clouds
89,Leningradskiy,RU,69.3833,178.4167,8.44,92,64,8.79,broken clouds
90,Ouesso,CG,1.6136,16.0517,75.79,81,98,1.72,light rain
91,Zavyalovo,RU,54.5053,82.4484,46.47,58,47,12.62,scattered clouds
92,Kapoeta,SS,4.7717,33.5903,70.88,81,95,1.61,overcast clouds
93,Severomorsk,RU,69.0689,33.4162,39.6,88,100,20.31,overcast clouds
94,Avarua,CK,-21.2078,-159.775,78.85,83,75,11.5,broken clouds
95,Longyearbyen,SJ,78.2186,15.6401,22.84,68,75,8.05,broken clouds
96,Hermanus,ZA,-34.4187,19.2345,57.79,77,2,17.56,clear sky
97,Yerbogachen,RU,61.2767,108.0108,35.38,97,100,8.7,overcast clouds
98,Veliko Gradiste,RS,44.7567,21.5136,46.15,77,80,13.49,broken clouds
99,Pahrump,US,36.2083,-115.9839,74.52,22,1,24.0,clear sky
100,Hambantota,LK,6.1241,81.1185,80.1,81,61,7.14,broken clouds
101,Aberdeen,GB,57.1437,-2.0981,54.5,94,75,4.61,broken clouds
102,Mar Del Plata,AR,-38.0023,-57.5575,66.09,88,0,7.0,clear sky
103,Upernavik,GL,72.7868,-56.1549,-8.18,92,30,11.59,scattered clouds
104,Uvira,CD,-3.4067,29.1458,71.28,82,86,3.13,overcast clouds
105,Roald,NO,62.5833,6.1333,47.75,87,20,8.05,few clouds
106,Samarai,PG,-10.6167,150.6667,81.07,78,100,3.8,overcast clouds
107,Aksarka,RU,66.5606,67.7975,3.65,98,97,1.45,overcast clouds
108,Salta,AR,-24.7859,-65.4117,64.58,66,40,9.22,scattered clouds
109,Loiza,PR,18.4313,-65.8802,80.6,88,86,15.08,overcast clouds
110,Kaili,ID,-3.4626,120.2147,67.5,93,97,3.33,overcast clouds
111,Bara,NG,10.3744,10.7288,87.84,41,31,9.19,light rain
112,Manzhouli,CN,49.6,117.4333,30.94,46,83,5.75,broken clouds
113,Castro,BR,-24.7911,-50.0119,54.41,85,0,3.83,clear sky
114,Baran,IN,25.1,76.5167,85.08,20,0,3.29,clear sky
115,Atuona,PF,-9.8,-139.0333,79.23,79,18,16.24,few clouds
116,Aasiaat,GL,68.7098,-52.8699,0.99,94,58,6.93,broken clouds
117,Yar-Sale,RU,66.8333,70.8333,12.22,92,97,14.05,overcast clouds
118,Yellowknife,CA,62.456,-114.3525,14.52,48,20,9.22,few clouds
119,Salvador,SV,13.8333,-88.9167,82.44,45,78,7.23,broken clouds
120,Sitka,US,57.0531,-135.33,44.49,57,40,8.05,scattered clouds
121,Kaitangata,NZ,-46.2817,169.8464,49.42,66,81,1.83,broken clouds
122,Magdalena,PH,14.1999,121.429,80.35,91,100,5.5,overcast clouds
123,Saint-Philippe,RE,-21.3585,55.7679,73.22,79,55,10.2,broken clouds
124,Sur,OM,22.5667,59.5289,86.68,41,0,5.5,clear sky
125,Quatre Cocos,MU,-20.2078,57.7625,78.91,83,40,15.17,light rain
126,Victoria,HK,22.2855,114.1577,70.25,77,100,17.0,overcast clouds
127,Beaverlodge,CA,55.2166,-119.4361,36.75,35,100,10.27,overcast clouds
128,Hithadhoo,MV,-0.6,73.0833,82.85,67,57,6.78,broken clouds
129,Bowen,AU,-20.0167,148.2333,73.45,72,43,10.8,scattered clouds
130,Mangaratiba,BR,-22.9597,-44.0406,70.66,77,17,5.77,few clouds
131,Bahia Blanca,AR,-38.7196,-62.2724,65.05,50,75,1.3,broken clouds
132,Kano,NG,12.0001,8.5167,78.69,64,100,2.59,moderate rain
133,Tahta,EG,26.7693,31.5021,81.81,12,0,2.86,clear sky
134,Terrace,CA,54.5163,-128.6035,51.71,17,20,6.91,few clouds
135,Ponta Do Sol,PT,32.6667,-17.1,72.23,40,100,7.29,overcast clouds
136,Lompoc,US,34.6391,-120.4579,68.14,74,100,12.66,overcast clouds
137,Berlevag,NO,70.8578,29.0864,37.2,90,100,33.42,overcast clouds
138,Khatanga,RU,71.9667,102.5,17.06,97,99,5.91,overcast clouds
139,Lazaro Cardenas,MX,17.9583,-102.2,82.42,57,41,10.31,scattered clouds
140,Changping,CN,40.2186,116.2197,40.64,17,93,3.24,overcast clouds
141,Guerrero Negro,MX,27.9769,-114.0611,66.88,65,99,23.51,overcast clouds
142,Balkanabat,TM,39.5108,54.3671,56.73,70,100,5.95,light rain
143,Nouakchott,MR,18.0858,-15.9785,60.73,87,1,13.58,clear sky
144,Gravdal,NO,68.1214,13.5031,41.77,99,100,13.02,overcast clouds
145,Gamba,GA,-2.65,10.0,77.52,91,87,2.77,overcast clouds
146,Vanimo,PG,-2.6741,141.3028,79.18,88,58,4.07,broken clouds
147,Moose Jaw,CA,50.4001,-105.5344,28.65,59,98,8.05,overcast clouds
148,Husavik,IS,66.0449,-17.3389,42.64,85,100,13.15,overcast clouds
149,Tual,ID,-5.6667,132.75,83.48,74,100,4.81,light rain
150,Ancud,CL,-41.8697,-73.8203,59.23,81,22,2.57,few clouds
151,Port Elizabeth,ZA,-33.918,25.5701,62.89,82,20,9.22,few clouds
152,San Patricio,US,28.017,-97.5169,91.49,61,92,15.97,overcast clouds
153,Bathsheba,BB,13.2167,-59.5167,81.21,69,40,16.11,scattered clouds
154,Ushumun,RU,52.7833,126.5333,27.16,69,13,9.37,few clouds
155,Alofi,NU,-19.0595,-169.9187,84.09,79,28,5.75,scattered clouds
156,Kodiak,US,57.79,-152.4072,40.51,81,100,18.41,light rain
157,Puri,IN,19.8,85.85,77.52,84,60,22.62,light rain
158,Laguna,US,38.421,-121.4238,70.92,61,40,14.97,scattered clouds
159,Takapau,NZ,-40.0333,176.35,58.73,70,67,5.97,broken clouds
160,Kamaishi,JP,39.2667,141.8833,45.07,64,2,4.5,clear sky
161,Thompson,CA,55.7435,-97.8558,26.76,39,75,5.75,broken clouds
162,Escanaba,US,45.7453,-87.0646,32.31,64,75,12.66,broken clouds
163,Tabou,CI,4.423,-7.3528,79.56,81,99,6.44,light rain
164,Chicama,PE,-7.8447,-79.1469,63.14,69,51,10.2,broken clouds
165,Narsaq,GL,60.9167,-46.05,37.62,81,5,3.11,clear sky
166,San Quintin,MX,30.4833,-115.95,65.77,64,0,21.74,clear sky
167,Airai,TL,-8.9266,125.4092,59.38,91,57,2.3,broken clouds
168,Kudahuvadhoo,MV,2.6708,72.8944,82.78,76,87,8.12,overcast clouds
169,Paamiut,GL,61.994,-49.6678,25.16,81,9,12.3,clear sky
170,Acarau,BR,-2.8856,-40.12,79.59,82,49,7.56,scattered clouds
171,Codrington,AU,-38.2667,141.9667,68.41,41,100,20.85,overcast clouds
172,Tallahassee,US,30.4383,-84.2807,80.8,64,100,3.44,overcast clouds
173,Ambon,ID,-3.6954,128.1814,77.14,94,20,5.75,few clouds
174,Nanortalik,GL,60.1432,-45.2371,29.68,87,7,10.89,clear sky
175,Ribeira Grande,PT,38.5167,-28.7,60.37,77,26,16.17,scattered clouds
176,Zandak,RU,43.0572,46.4567,43.92,79,9,3.36,clear sky
177,Pisco,PE,-13.7,-76.2167,68.05,73,0,24.16,clear sky
178,Hornepayne,CA,49.2138,-84.7705,29.89,79,100,11.18,light snow
179,Vila Velha,BR,-20.3297,-40.2925,76.95,78,75,9.22,broken clouds
180,Concarneau,FR,47.875,-3.9225,57.99,84,92,3.8,overcast clouds
181,Kholtoson,RU,50.2981,103.3097,24.67,84,14,3.56,few clouds
182,Lebu,CL,-37.6167,-73.65,55.89,83,21,13.13,few clouds
183,Muravlenko,RU,63.7898,74.523,14.99,94,99,14.25,overcast clouds
184,Port Hardy,CA,50.6996,-127.4199,50.18,57,20,13.8,few clouds
185,Maningrida,AU,-12.0667,134.2667,76.15,85,93,8.84,overcast clouds
186,Klaksvik,FO,62.2266,-6.589,47.32,92,100,20.42,overcast clouds
187,Dongfeng,CN,42.6403,125.5118,44.76,45,18,6.96,few clouds
188,Papara,BR,-3.9839,-38.7273,81.0,95,77,2.3,broken clouds
189,Carutapera,BR,-1.195,-46.02,77.49,92,98,5.19,light rain
190,Praia Da Vitoria,PT,38.7333,-27.0667,59.76,88,20,8.34,few clouds
191,Coria,ES,39.9879,-6.5377,66.45,60,13,2.01,few clouds
192,Bucerias,MX,20.75,-105.3333,78.78,73,40,11.5,scattered clouds
193,Ahipara,NZ,-35.1667,173.1667,67.77,71,100,13.94,overcast clouds
194,Swellendam,ZA,-34.0226,20.4417,55.69,85,0,6.53,clear sky
195,Provideniya,RU,64.3833,-173.3,31.98,91,92,12.48,overcast clouds
196,Odesskoye,RU,54.2111,72.9651,52.38,59,97,7.92,overcast clouds
197,Sosva,RU,59.1766,61.8558,27.59,84,17,9.64,few clouds
198,Mahebourg,MU,-20.4081,57.7,79.09,83,75,8.05,broken clouds
199,Pangnirtung,CA,66.1451,-65.7125,6.58,92,100,1.86,overcast clouds
200,Namibe,AO,-15.1961,12.1522,73.63,74,28,6.38,scattered clouds
201,Birao,CF,10.2849,22.7882,85.91,31,85,3.33,overcast clouds
202,Estevan,CA,49.1334,-102.9842,25.21,63,0,5.75,clear sky
203,Darlowo,PL,54.421,16.4107,39.31,60,89,4.56,overcast clouds
204,Milkovo,RU,54.7167,158.6167,26.87,65,82,5.88,broken clouds
205,Kingaroy,AU,-26.5333,151.8333,61.47,78,11,7.72,few clouds
206,East London,ZA,-33.0153,27.9116,61.95,79,100,7.7,light rain
207,Solnechnyy,RU,50.7214,136.6319,27.19,93,100,7.78,snow
208,Ghanzi,BW,-21.5667,21.7833,65.46,79,27,9.95,scattered clouds
209,Bodajk,HU,47.3235,18.2331,46.31,84,98,2.21,overcast clouds
210,Hamilton,US,39.1834,-84.5333,62.89,39,40,14.0,scattered clouds
211,Kruisfontein,ZA,-34.0033,24.7314,59.88,86,97,5.73,light rain
212,Saint George,US,37.1041,-113.5841,79.39,13,100,42.57,haze
213,Vardo,NO,70.3705,31.1107,39.16,84,100,26.8,overcast clouds
214,Ternate,ID,0.8,127.4,80.31,81,97,6.69,overcast clouds
215,Hasaki,JP,35.7333,140.8333,48.6,58,100,9.01,overcast clouds
216,Deneysville,ZA,-26.8908,28.0971,52.61,93,100,11.79,light rain
217,Asau,RO,46.4333,26.4,41.95,93,100,7.02,overcast clouds
218,Altamira,BR,-3.2033,-52.2064,75.36,95,84,2.13,broken clouds
219,Westport,US,41.1415,-73.3579,63.0,74,100,11.5,overcast clouds
220,Chuy,UY,-33.6971,-53.4616,59.99,77,50,6.17,scattered clouds
221,High Prairie,CA,55.4334,-116.4858,33.93,55,100,7.16,overcast clouds
222,Qaqortoq,GL,60.7167,-46.0333,30.15,79,6,4.36,clear sky
223,Karratha,AU,-20.7377,116.8463,81.77,46,34,3.65,scattered clouds
224,Souillac,MU,-20.5167,57.5167,79.18,83,75,8.05,light rain
225,Bakchar,RU,57.0186,82.0711,44.22,82,89,5.84,overcast clouds
226,Adrar,MR,20.5022,-10.0711,81.7,12,0,12.5,clear sky
227,Diu,IN,20.7141,70.9822,77.65,74,0,10.45,clear sky
228,Iqaluit,CA,63.7506,-68.5145,10.13,78,75,0.0,broken clouds
229,Ola,RU,59.5833,151.2833,19.15,70,9,6.64,clear sky
230,Saint-Augustin,CA,51.226,-58.6502,32.99,98,100,11.72,overcast clouds
231,Portland,US,45.5234,-122.6762,54.77,67,100,13.0,overcast clouds
232,Namtsy,RU,62.7161,129.6658,9.39,96,86,3.94,overcast clouds
233,Ewa Beach,US,21.3156,-158.0072,82.35,66,20,18.41,few clouds
234,Naica,MX,27.85,-105.4833,88.25,7,100,3.42,overcast clouds
235,Svetlyy,RU,54.675,20.1347,37.45,86,80,8.12,broken clouds
236,College,US,64.8569,-147.8028,33.75,33,20,12.66,few clouds
237,Abha,SA,18.2164,42.5053,66.02,34,6,6.91,clear sky
238,Obidos,BR,-1.9175,-55.5181,75.51,94,100,1.68,overcast clouds
239,Broome,US,42.2506,-75.833,42.89,79,100,5.75,overcast clouds
240,Sambava,MG,-14.2667,50.1667,74.75,88,4,10.54,clear sky
241,Bengkulu,ID,-3.8004,102.2655,76.89,88,100,3.49,overcast clouds
242,Moosomin,CA,50.1333,-101.6677,25.84,64,100,4.63,overcast clouds
243,Tamandare,BR,-8.7597,-35.1047,81.16,83,7,9.89,clear sky
244,Severnoye,RU,56.3491,78.3619,48.33,80,100,6.91,overcast clouds
245,Keetmanshoop,NA,-26.5833,18.1333,67.53,44,0,9.98,clear sky
246,Nelson Bay,AU,-32.7167,152.15,64.0,90,0,3.22,clear sky
247,Lexington,US,37.9887,-84.4777,66.2,55,75,8.05,broken clouds
248,Holoby,UA,51.0865,25.0077,37.06,82,12,10.0,few clouds
249,Honningsvag,NO,70.9821,25.9704,38.95,87,100,33.38,overcast clouds
250,Opuwo,NA,-18.0607,13.84,71.69,42,57,3.56,broken clouds
251,Cayenne,GF,4.9333,-52.3333,82.09,1,40,8.05,scattered clouds
252,Naze,JP,28.3667,129.4833,61.72,66,85,7.0,overcast clouds
253,Tilichiki,RU,60.4667,166.1,28.54,86,97,5.03,overcast clouds
254,Nouadhibou,MR,20.931,-17.0347,64.38,94,75,14.97,broken clouds
255,Iwanai,JP,42.9744,140.5089,44.53,70,99,6.06,overcast clouds
256,Hualmay,PE,-11.0964,-77.6139,69.22,77,99,12.66,overcast clouds
257,Saint-Joseph,RE,-21.3667,55.6167,72.21,79,28,11.72,scattered clouds
258,Saint Anthony,US,45.0205,-93.218,43.34,35,0,16.11,clear sky
259,Bubaque,GW,11.2833,-15.8333,75.7,72,6,24.18,clear sky
260,Vitina,BA,43.2375,17.4839,60.37,68,90,8.21,overcast clouds
261,Beira,MZ,-19.8436,34.8389,80.69,83,40,11.5,scattered clouds
262,Fortuna,US,40.5982,-124.1573,55.92,58,20,12.66,few clouds
263,Kushnarenkovo,RU,55.105,55.3508,32.16,81,32,2.57,scattered clouds
264,San Rafael Del Sur,NI,11.8485,-86.4384,94.17,29,44,8.99,scattered clouds
265,Muros,ES,42.7762,-9.0603,55.69,89,98,6.13,overcast clouds
266,Glenwood Springs,US,39.5505,-107.3248,63.52,41,100,11.5,overcast clouds
267,Nome,US,64.5011,-165.4064,34.16,69,100,25.32,overcast clouds
268,Paita,PE,-5.0892,-81.1144,71.44,74,20,19.01,few clouds
269,Sistranda,NO,63.7256,8.834,39.16,86,100,3.42,overcast clouds
270,Barrow,US,71.2906,-156.7887,6.82,72,0,21.85,clear sky
271,Petropavlovsk-Kamchatskiy,RU,53.0452,158.6483,32.59,51,0,4.47,clear sky
272,Olafsvik,IS,64.8945,-23.7142,43.86,97,100,11.34,light rain
273,Vicuna,CL,-30.0319,-70.7081,74.77,36,0,4.76,clear sky
274,Kalach-Na-Donu,RU,48.691,43.5264,54.03,65,99,6.24,overcast clouds
275,Huejuquilla El Alto,MX,22.6,-103.8667,89.2,8,93,16.26,overcast clouds
276,Yulara,AU,-25.2406,130.9889,69.64,52,7,11.5,clear sky
277,Tazmalt,DZ,36.3868,4.3989,53.69,75,0,4.21,clear sky
278,Owase,JP,34.0667,136.2,55.56,61,100,4.83,overcast clouds
279,Robertsport,LR,6.7533,-11.3686,79.99,88,90,10.45,overcast clouds
280,Mangan,IN,27.5167,88.5333,63.28,55,19,8.77,few clouds
281,Huarmey,PE,-10.0681,-78.1522,70.7,75,76,12.53,broken clouds
282,Puerto Quijarro,BO,-17.7833,-57.7667,80.55,50,1,3.67,clear sky
283,Conop,RO,46.1,21.8833,42.4,87,95,9.55,overcast clouds
284,Tura,IN,25.5198,90.2201,70.18,85,28,7.61,scattered clouds
285,Lichuan,CN,30.3,108.85,40.53,97,100,1.63,overcast clouds
286,Lira,UG,2.235,32.9097,63.46,96,98,2.98,overcast clouds
287,Noumea,NC,-22.2763,166.4572,80.58,99,0,7.58,clear sky
288,Linxia,CN,35.6003,103.2064,36.21,94,100,5.57,overcast clouds
289,Chilca,PE,-12.5211,-76.7372,67.59,81,24,9.78,few clouds
290,Sabya,SA,17.1495,42.6254,82.02,69,56,5.64,broken clouds
291,Warri,NG,5.5167,5.75,78.67,85,93,4.0,overcast clouds
292,Kavieng,PG,-2.5744,150.7967,82.89,75,43,8.41,scattered clouds
293,Goderich,CA,43.7501,-81.7165,35.91,64,50,8.05,scattered clouds
294,Panjab,AF,34.388,67.0233,52.05,38,99,3.31,overcast clouds
295,Northam,GB,51.0333,-4.2167,55.38,58,99,9.26,overcast clouds
296,Weligama,LK,5.9667,80.4167,79.5,84,76,3.53,broken clouds
297,Puerto Escondido,MX,15.85,-97.0667,88.63,66,40,8.05,scattered clouds
298,Birur,IN,13.6167,75.9667,72.88,69,72,4.38,broken clouds
299,Los Llanos De Aridane,ES,28.6585,-17.9182,62.35,77,0,11.5,clear sky
300,Itoman,JP,26.1247,127.6694,68.02,64,75,5.75,broken clouds
301,Hoopstad,ZA,-27.8327,25.9083,56.35,90,99,8.59,moderate rain
302,Meadow Lake,US,34.8014,-106.5436,80.78,4,33,15.28,scattered clouds
303,Pokaran,IN,26.9167,71.9167,81.23,35,15,9.44,few clouds
304,Ahuimanu,US,21.4447,-157.8378,82.11,78,100,18.41,light rain
305,Yatou,CN,37.15,122.3833,49.32,31,0,6.11,clear sky
306,Innisfail,AU,-17.5333,146.0333,74.28,86,100,2.55,overcast clouds
307,Saldanha,ZA,-33.0117,17.9442,60.85,61,0,11.88,clear sky
308,Lanzhou,CN,36.0564,103.7922,39.34,75,100,3.98,overcast clouds
309,Rabo De Peixe,PT,37.8,-25.5833,60.31,88,20,11.5,few clouds
310,Talnakh,RU,69.4865,88.3972,16.03,94,100,9.4,overcast clouds
311,Geraldton,AU,-28.7667,114.6,66.61,77,100,16.11,overcast clouds
312,Kaeo,NZ,-35.1,173.7833,64.33,95,100,15.75,overcast clouds
313,Teknaf,BD,20.8624,92.3058,77.41,92,43,3.71,scattered clouds
314,Taikang,CN,46.8333,124.4167,36.86,37,54,6.73,broken clouds
315,Kursenai,LT,55.985,22.9189,30.45,73,97,6.44,overcast clouds
316,Omboue,GA,-1.5746,9.2618,78.12,90,100,3.96,light rain
317,Kormilovka,RU,55.0026,74.1028,50.0,60,100,8.32,overcast clouds
318,Palampur,IN,32.1167,76.5333,61.21,40,6,9.6,clear sky
319,Panzhihua,CN,26.5851,101.7128,66.88,48,100,1.66,overcast clouds
320,Bogale,MM,16.2833,95.4,79.48,81,20,4.76,few clouds
321,Praia,CV,14.9215,-23.5087,70.34,73,40,12.66,scattered clouds
322,Sinegorye,RU,62.0788,150.477,11.66,93,98,3.22,overcast clouds
323,Key West,US,24.5557,-81.7826,86.0,66,40,14.97,scattered clouds
324,Cabo San Lucas,MX,22.8909,-109.9124,88.9,17,75,8.05,broken clouds
325,Arraial Do Cabo,BR,-22.9661,-42.0278,73.26,73,0,11.5,clear sky
326,Dedza,MW,-14.3779,34.3332,58.73,92,28,3.65,scattered clouds
327,Chapais,CA,49.7834,-74.8492,33.58,73,100,9.48,overcast clouds
328,Bajil,YE,15.0584,43.2851,83.19,53,20,5.17,few clouds
329,Ilo,PE,-17.6394,-71.3375,66.22,76,47,5.28,scattered clouds
330,Yate,GB,51.5407,-2.4184,56.59,88,88,3.76,overcast clouds
331,Iglesias,IT,39.3114,8.535,56.79,79,9,3.53,clear sky
332,Bagli,IN,22.65,76.35,82.99,18,0,11.5,clear sky
333,Russell,US,32.3502,-85.1999,73.0,81,20,5.75,few clouds
334,Raga,SS,8.4596,25.678,82.87,50,97,6.55,overcast clouds
335,Grimshaw,CA,56.1834,-117.6027,37.02,32,100,4.61,light rain
336,Luanda,AO,-8.8368,13.2343,76.98,89,100,9.86,moderate rain
337,Turukhansk,RU,65.8167,87.9833,37.11,100,100,20.31,light rain
338,Mayumba,GA,-3.432,10.6554,77.9,91,38,3.67,scattered clouds
339,Hami,CN,42.8,93.45,50.05,25,0,7.09,clear sky
340,Milford,US,41.2223,-73.0565,63.21,76,100,11.5,overcast clouds
341,Beloha,MG,-25.1667,45.05,72.37,94,11,4.54,few clouds
342,Jalu,LY,29.0331,21.5482,75.97,22,76,16.78,broken clouds
343,Zhuanghe,CN,39.7008,122.9911,49.17,38,0,6.49,clear sky
344,Salinas,US,36.6777,-121.6555,65.01,76,100,16.11,overcast clouds
345,Vao,NC,-22.6667,167.4833,76.6,70,0,8.03,clear sky
346,Alta Floresta,BR,-9.8756,-56.0861,74.46,96,80,1.05,moderate rain
347,Keti Bandar,PK,24.1447,67.4497,79.57,87,11,14.03,few clouds
348,Tuatapere,NZ,-46.1333,167.6833,49.17,70,71,4.45,broken clouds
349,Maputo,MZ,-25.9653,32.5892,64.08,94,75,19.57,drizzle
350,Safranbolu,TR,41.2508,32.6942,53.74,71,100,2.28,overcast clouds
351,Seymchan,RU,62.8833,152.4333,12.52,90,89,3.42,overcast clouds
352,Ferrol,ES,43.4832,-8.2369,56.71,89,73,2.1,broken clouds
353,Hamadan,IR,34.7992,48.5146,36.48,48,0,0.0,clear sky
354,Hobyo,SO,5.3505,48.5268,82.45,76,32,16.55,scattered clouds
355,San Carlos De Bariloche,AR,-41.1456,-71.3082,64.15,29,0,4.61,clear sky
356,Vila Franca Do Campo,PT,37.7167,-25.4333,61.21,83,100,8.19,overcast clouds
357,Avera,US,33.194,-82.5271,71.11,78,100,4.16,overcast clouds
358,Panaba,MX,21.2833,-88.2667,90.14,47,3,18.95,clear sky
359,Ihosy,MG,-22.4,46.1167,67.8,90,65,7.43,broken clouds
360,Vestmannaeyjar,IS,63.4427,-20.2734,47.08,92,99,17.94,light rain
361,Inhambane,MZ,-23.865,35.3833,73.06,89,99,8.05,light rain
362,Dunedin,NZ,-45.8742,170.5036,50.38,64,75,3.04,broken clouds
363,Tokur,RU,53.1333,132.9,16.38,92,100,4.83,overcast clouds
364,Xuddur,SO,4.1213,43.8894,80.1,64,96,12.91,overcast clouds
365,Adre,TD,13.4667,22.2,86.13,30,73,5.39,broken clouds
366,Takab,IR,36.4009,47.1133,42.01,66,12,3.69,few clouds
367,Kununurra,AU,-15.7667,128.7333,75.18,100,22,4.61,few clouds
368,Acapulco,MX,16.8634,-99.8901,85.82,62,0,8.05,clear sky
369,Leshukonskoye,RU,64.8989,45.7622,21.24,95,50,4.76,scattered clouds
370,Mehamn,NO,71.0357,27.8492,37.74,92,100,32.95,overcast clouds
371,Shingu,JP,33.7333,135.9833,54.9,61,100,3.98,overcast clouds
372,Presidencia Roque Saenz Pena,AR,-26.7852,-60.4388,63.63,69,68,6.53,broken clouds
373,Navirai,BR,-23.065,-54.1906,62.33,81,0,5.35,clear sky
374,Khadro,PK,26.1472,68.7176,86.34,32,45,12.08,scattered clouds
375,Neuquen,AR,-38.9516,-68.0591,69.69,43,0,6.91,clear sky
376,Yarmouth,US,41.7057,-70.2286,59.61,82,40,12.66,scattered clouds
377,Tashigang,BT,27.3331,91.5542,59.14,84,5,3.42,clear sky
378,Okhotsk,RU,59.3833,143.3,16.59,86,95,10.6,overcast clouds
379,Bandarbeyla,SO,9.4942,50.8122,81.28,80,35,7.38,scattered clouds
380,San Jeronimo,PE,-11.9472,-75.2829,63.37,56,35,5.59,scattered clouds
381,Egvekinot,RU,66.3167,-179.1667,18.57,91,100,9.24,light snow
382,Antofagasta,CL,-23.65,-70.4,61.88,82,18,6.93,few clouds
383,Bay Roberts,CA,47.5999,-53.2648,51.66,55,1,11.99,clear sky
384,Mount Vernon,US,40.9126,-73.8371,65.84,61,75,8.05,broken clouds
385,Pontian Kecil,MY,1.4801,103.3899,79.12,82,100,2.68,overcast clouds
386,Chipinge,ZW,-20.1883,32.6236,63.3,97,99,2.77,light rain
387,Mount Gambier,AU,-37.8333,140.7667,67.91,40,40,17.27,scattered clouds
388,Brae,GB,60.3964,-1.353,45.7,96,100,16.6,overcast clouds
389,Kirovsk,UA,48.6375,38.6428,48.0,74,100,10.0,overcast clouds
390,Tessalit,ML,20.1986,1.0114,75.27,18,91,9.69,overcast clouds
391,Lapas,GR,38.1,21.4167,65.19,67,75,8.05,light intensity drizzle
392,Bathurst,AU,-33.4166,149.5806,53.6,84,3,2.17,clear sky
393,Nizhnevartovsk,RU,60.9344,76.5531,32.02,86,75,4.47,light shower snow
394,Kavaratti,IN,10.5669,72.642,83.53,72,19,3.18,few clouds
395,Sulangan,PH,11.1373,123.7228,81.1,77,72,9.22,broken clouds
396,Betanzos,ES,43.2804,-8.2147,57.11,83,100,3.44,overcast clouds
397,Tamiahua,MX,21.2667,-97.45,84.74,69,19,13.58,few clouds
398,Carnarvon,AU,-24.8667,113.6333,73.47,83,40,17.27,scattered clouds
399,Tigil,RU,57.8,158.6667,18.82,92,96,2.39,overcast clouds
400,Nuevo Progreso,MX,23.1667,-97.95,86.54,57,19,5.01,few clouds
401,Ust-Omchug,RU,61.15,149.6333,6.93,95,95,4.32,overcast clouds
402,Scarborough,GB,54.2797,-0.4044,55.65,85,100,11.99,overcast clouds
403,Vestmanna,FO,62.1564,-7.1664,45.52,93,100,17.27,overcast clouds
404,Batemans Bay,AU,-35.7167,150.1833,63.1,76,12,4.32,few clouds
405,Nara,JP,34.6851,135.8049,51.49,50,100,2.3,overcast clouds
406,Floro,NO,61.5996,5.0328,46.36,71,100,11.5,overcast clouds
407,Sisimiut,GL,66.9395,-53.6735,20.75,61,28,7.7,scattered clouds
408,Labuhan,ID,-6.8844,112.2051,78.26,88,97,5.48,overcast clouds
409,Hailar,CN,49.2,119.7,29.41,52,66,6.82,broken clouds
410,Urengoy,RU,65.9667,78.3667,15.01,92,100,15.52,overcast clouds
411,Meulaboh,ID,4.1363,96.1285,77.61,87,33,2.3,scattered clouds
412,Santa Ana,US,33.7456,-117.8678,76.64,58,20,13.8,few clouds
413,Shache,CN,38.4167,77.2406,56.73,21,3,11.48,clear sky
414,Rauma,FI,61.1272,21.5113,32.04,77,91,5.7,overcast clouds
415,Price,US,39.5994,-110.8107,66.11,38,100,12.66,overcast clouds
416,Axim,GH,4.8699,-2.2405,74.35,93,100,5.19,moderate rain
417,San Ramon,US,37.7799,-121.978,68.22,64,75,14.97,broken clouds
418,Bermejillo,MX,25.8833,-103.6167,93.24,8,77,4.83,broken clouds
419,Junction City,US,39.0286,-96.8314,55.62,27,0,13.8,clear sky
420,Quang Ngai,VN,15.1167,108.8,73.67,94,54,1.54,broken clouds
421,Rawson,AR,-43.3002,-65.1023,56.57,62,0,10.67,clear sky
422,Celestun,MX,20.8667,-90.4,82.63,70,3,17.11,clear sky
423,San Juan,AR,-31.5375,-68.5364,72.55,32,0,10.83,clear sky
424,Kifri,IQ,34.6959,44.9661,65.01,27,3,7.11,clear sky
425,Roma,US,43.2128,-75.4557,43.83,77,75,6.91,broken clouds
426,Necochea,AR,-38.5473,-58.7368,59.86,70,87,4.5,overcast clouds
427,Tumut,AU,-35.3,148.2167,60.6,68,13,2.13,few clouds
428,Palu,ID,-0.8917,119.8707,75.76,97,100,2.51,overcast clouds
429,Wilmington,US,34.2257,-77.9447,73.31,76,20,11.5,few clouds
430,Umea,SE,63.8284,20.2597,34.92,93,0,0.0,clear sky
431,Horsham,GB,51.064,-0.3272,53.67,80,53,5.75,broken clouds
432,Palmer,US,42.1584,-72.3287,60.35,81,100,18.41,overcast clouds
433,Aksu,CN,41.1231,80.2644,52.59,18,8,7.76,clear sky
434,Wenatchee,US,47.4235,-120.3103,50.97,46,100,1.99,overcast clouds
435,Aswan,EG,24.0934,32.907,85.3,12,0,5.75,clear sky
436,Xichang,CN,27.8964,102.2634,51.01,83,95,2.66,overcast clouds
437,Sao Joao Da Barra,BR,-21.6403,-41.0511,73.26,66,83,15.39,broken clouds
438,Llanes,ES,43.4198,-4.7549,58.28,81,1,5.73,clear sky
439,Kristiansund,NO,63.1115,7.732,42.85,87,98,3.44,overcast clouds
440,Komsomolskiy,UZ,40.4272,71.7189,61.52,44,16,9.22,few clouds
441,Nijar,ES,36.9665,-2.206,61.65,77,0,3.44,clear sky
442,Sorong,ID,-0.8833,131.25,81.21,83,62,11.72,broken clouds
443,Kloulklubed,PW,7.0419,134.2556,73.9,73,50,2.08,scattered clouds
444,Nizhniy Kuranakh,RU,58.8353,125.4869,23.27,94,98,1.77,overcast clouds
445,Teguldet,RU,57.3064,88.1667,45.23,81,100,9.64,overcast clouds
446,Sile,TR,41.1754,29.6133,57.87,62,96,5.14,overcast clouds
447,Bambanglipuro,ID,-7.95,110.2833,76.41,91,43,3.04,scattered clouds
448,Machico,PT,32.7,-16.7667,72.23,43,20,16.11,few clouds
449,Iracoubo,GF,5.4802,-53.2011,78.33,83,94,10.87,overcast clouds
450,Ixtapa,MX,20.7,-105.2,78.03,73,40,11.5,scattered clouds
451,Grand-Lahou,CI,5.1367,-5.0242,77.31,87,100,3.96,light rain
452,Fare,PF,-16.7,-151.0167,81.07,73,6,12.95,clear sky
453,Rio Gallegos,AR,-51.6226,-69.2181,48.25,81,0,6.91,clear sky
454,San Cristobal,VE,7.7669,-72.225,78.98,70,100,4.85,overcast clouds
455,Nkan,GA,0.3833,9.7833,76.75,94,100,2.24,overcast clouds
456,Solana Beach,US,32.9912,-117.2711,74.19,63,0,12.66,clear sky
457,Takoradi,GH,4.8845,-1.7554,75.25,90,100,9.4,light rain
458,Pljevlja,ME,43.3333,19.3333,41.31,95,100,1.95,overcast clouds
459,Pestravka,RU,52.405,49.9583,45.45,72,100,9.86,overcast clouds
460,Ucluelet,CA,48.9329,-125.5528,48.51,52,100,7.16,overcast clouds
461,Katesh,TZ,-4.5167,35.3833,58.37,97,100,2.39,overcast clouds
462,Ekhabi,RU,53.5102,142.9671,28.4,84,100,10.71,overcast clouds
463,Paine,CL,-33.8167,-70.75,72.84,31,0,2.73,clear sky
464,Atar,MR,20.5169,-13.0499,82.24,11,0,4.76,clear sky
465,Morgan City,US,29.6994,-91.2068,85.01,83,40,10.36,scattered clouds
466,Liverpool,GB,53.4106,-2.9779,59.14,83,20,2.3,few clouds
467,Riwaka,NZ,-41.0833,173.0,60.84,63,68,3.74,broken clouds
468,Cuiluan,CN,47.72,128.648,36.0,51,4,7.23,clear sky
469,Mikuni,JP,36.2171,136.1519,40.91,46,35,2.06,scattered clouds
470,Nelson,NZ,-41.2833,173.2833,60.37,59,74,3.36,broken clouds
471,Rio Verde De Mato Grosso,BR,-18.9181,-54.8442,71.85,59,0,5.48,clear sky
472,Salalah,OM,17.0151,54.0924,80.69,89,40,1.14,scattered clouds
473,La Paz,BO,-16.5,-68.15,62.58,12,19,8.05,few clouds
474,Kailua,US,21.4022,-157.7394,82.38,82,100,14.97,light rain
475,Oktyabrskoye,RU,43.0645,44.7417,41.14,87,5,6.71,clear sky
476,Shouguang,CN,36.88,118.7375,53.28,33,22,3.83,few clouds
477,Jos,NG,9.9167,8.9,69.1,81,100,3.56,overcast clouds
478,Alexandria,EG,31.2156,29.9553,67.96,45,0,8.05,clear sky
479,Guane,CU,22.2025,-84.0875,79.57,71,41,7.07,scattered clouds
480,Dingle,PH,10.9995,122.6711,78.28,86,50,5.46,scattered clouds
481,La Massana,AD,42.5667,1.4833,43.54,79,18,6.15,few clouds
482,Kasongo-Lunda,CD,-6.4667,16.8167,70.18,97,66,0.51,light rain
483,Suoyarvi,RU,62.0833,32.35,26.11,94,93,3.0,overcast clouds
484,Ubon Ratchathani,TH,15.1667,105.1667,84.97,73,99,9.93,overcast clouds
485,Penzance,GB,50.1186,-5.5371,50.68,90,98,13.24,overcast clouds
486,Camopi,GF,3.1655,-52.3158,73.15,97,75,3.49,broken clouds
487,Sweetwater,US,25.7634,-80.3731,83.01,70,40,14.97,scattered clouds
488,Vuktyl,RU,63.8567,57.3094,14.45,94,75,5.1,broken clouds
489,Sinop,TR,41.7711,34.8709,52.23,64,72,6.67,broken clouds
490,Bonavista,CA,48.6499,-53.1147,40.32,75,29,19.13,scattered clouds
491,Imbituba,BR,-28.24,-48.6703,64.42,72,6,9.73,clear sky
492,Nantucket,US,41.2835,-70.0995,57.25,80,0,18.41,clear sky
493,Netarhat,IN,23.4833,84.2667,71.08,18,59,2.89,broken clouds
494,Newport,GB,51.5877,-2.9984,56.07,74,86,4.45,overcast clouds
495,Port Macquarie,AU,-31.4333,152.9167,62.89,76,29,6.78,scattered clouds
496,Sfantu Gheorghe,RO,45.8667,25.7833,43.27,89,100,8.88,light rain
497,Hofn,IS,64.2539,-15.2082,45.77,99,100,10.16,moderate rain
498,Kutum,SD,14.2,24.6667,74.23,10,32,1.43,scattered clouds
499,Sena Madureira,BR,-9.0656,-68.6569,76.78,82,81,1.9,broken clouds
500,Adana,TR,36.985,35.2881,55.42,67,0,6.91,clear sky
501,Coquimbo,CL,-29.9533,-71.3436,58.73,82,75,12.66,broken clouds
502,Sola,VU,-13.8833,167.55,81.95,71,83,3.33,broken clouds
503,Beyla,GN,8.6833,-8.6333,70.81,91,99,4.59,moderate rain
504,Dangriga,BZ,16.9692,-88.2321,81.32,74,88,7.47,overcast clouds
505,Novaya Igirma,RU,57.1334,103.9112,38.35,93,98,7.11,overcast clouds
506,Poya,NC,-21.35,165.15,79.45,65,2,5.77,clear sky
507,Andenes,NO,69.3143,16.1194,42.78,87,100,12.66,overcast clouds
508,Tynda,RU,55.1667,124.7167,19.15,76,57,3.31,broken clouds
509,Srednekolymsk,RU,67.45,153.6833,13.69,91,99,5.57,overcast clouds
510,Mzimba,MW,-11.9,33.6,61.52,96,48,6.2,scattered clouds
511,Aklavik,CA,68.2191,-135.0107,17.6,45,0,9.22,clear sky
512,Porto Novo,BJ,6.4965,2.6036,82.22,80,87,6.11,overcast clouds
513,Loughrea,IE,53.1969,-8.5669,51.39,97,100,9.17,moderate rain
514,Tabuk,PH,17.4189,121.4443,74.3,86,87,4.0,overcast clouds
515,Kholm-Zhirkovskiy,RU,55.5189,33.4731,29.84,82,34,12.1,scattered clouds
516,Sept-Iles,CA,50.2001,-66.3821,41.05,62,20,11.5,few clouds
517,Nueva Imperial,CL,-38.7333,-72.95,66.85,79,55,5.12,broken clouds
518,Bereda,ES,43.2686,-7.5406,53.58,100,40,2.01,scattered clouds
519,Lodja,CD,-3.4833,23.4333,69.94,98,94,1.28,overcast clouds
520,Clyde River,CA,70.4692,-68.5914,-5.57,84,100,5.75,overcast clouds
521,Camana,PE,-16.6228,-72.7111,67.96,79,100,8.77,overcast clouds
522,Kedrovyy,RU,56.1667,91.8167,48.61,87,98,5.14,overcast clouds
523,Kilakarai,IN,9.2333,78.7833,84.63,74,18,17.22,few clouds
524,Mareeba,AU,-17.0,145.4333,72.32,74,100,4.03,overcast clouds
525,Kidal,ML,18.4411,1.4078,79.47,12,100,14.99,overcast clouds
526,Zverinogolovskoye,RU,54.4586,64.8542,38.64,80,52,8.08,broken clouds
527,Kodinsk,RU,58.6881,99.1844,37.36,98,100,4.94,overcast clouds
528,Namatanai,PG,-3.6667,152.4333,81.88,76,98,4.32,overcast clouds
529,Ornskoldsvik,SE,63.2909,18.7153,38.35,87,50,6.91,scattered clouds
530,Juba,SS,4.8517,31.5825,73.2,76,100,1.74,overcast clouds
531,Aripuana,BR,-9.1667,-60.6333,74.7,98,95,1.21,overcast clouds
532,Sosnovo-Ozerskoye,RU,52.5249,111.5418,29.1,79,70,5.61,broken clouds
533,Krasnoselkup,RU,65.7,82.4667,20.73,92,100,18.5,overcast clouds
534,Lampang,TH,18.3333,99.5,84.85,56,26,1.3,scattered clouds
535,Matamoros,MX,25.5333,-103.25,93.31,8,75,3.44,broken clouds
536,Domoni,KM,-12.2569,44.5319,79.27,84,17,3.2,light rain
537,Touros,BR,-5.1989,-35.4608,80.44,80,59,7.31,broken clouds
538,Clinton,US,42.587,-82.9199,46.42,57,75,13.8,broken clouds
539,Jibuti,DJ,11.5,42.5,75.61,68,28,7.72,scattered clouds
540,Margate,GB,51.3813,1.3862,52.3,82,11,3.0,few clouds
541,Kopidlno,CZ,50.3308,15.2703,41.23,91,43,5.68,scattered clouds
542,Whitehorse,CA,60.7161,-135.0538,36.1,47,100,10.36,overcast clouds
543,Kirakira,SB,-10.4544,161.9205,83.5,70,83,6.38,broken clouds
544,Irece,BR,-11.3042,-41.8558,73.08,80,89,4.36,overcast clouds
545,Maryborough,AU,-25.5333,152.7,73.08,61,21,8.46,few clouds
546,Porto Walter,BR,-8.2686,-72.7439,75.74,85,54,2.89,broken clouds
547,Tagusao,PH,9.1924,117.8141,80.8,78,70,3.56,broken clouds
548,Lesozavodsk,RU,45.4794,133.4244,44.98,32,2,11.21,clear sky
549,Santa Cruz,BO,-17.8,-63.1667,71.65,60,75,9.22,broken clouds
550,Champerico,GT,14.3,-91.9167,86.16,65,17,13.94,few clouds
551,Ayios Vasilios,GR,37.8,22.8,57.83,60,94,0.69,overcast clouds
552,Buchanan,LR,5.8808,-10.0467,80.55,85,99,8.03,light rain
553,Natal,BR,-5.795,-35.2094,83.05,83,20,6.91,few clouds
554,Basco,PH,20.4487,121.9702,76.15,77,29,17.05,scattered clouds
555,Ballyhaunis,IE,53.7667,-8.7667,51.78,97,100,10.42,light rain
556,Svetlogorsk,BY,52.6333,29.7333,35.01,96,100,14.83,overcast clouds
557,Koulikoro,ML,14.0,-7.75,87.37,23,78,9.08,broken clouds
558,Sidi Ali,DZ,36.0998,0.4206,56.12,69,0,5.37,clear sky
559,Tabriz,IR,38.08,46.2919,44.06,57,0,9.22,clear sky
560,Kahului,US,20.8947,-156.47,78.82,73,75,14.0,broken clouds
561,Redcliffe,AU,-27.2307,153.0973,68.09,72,75,13.8,broken clouds
562,Walvis Bay,NA,-22.9575,14.5053,54.55,100,1,2.3,clear sky
563,Sinnamary,GF,5.3833,-52.95,78.26,84,96,11.14,overcast clouds
564,Little Current,CA,45.9793,-81.9248,33.42,67,93,14.16,overcast clouds
565,Rockport,US,28.0206,-97.0544,82.44,85,0,16.11,haze
566,Tongren,CN,27.7172,109.1853,48.76,94,100,1.72,overcast clouds
567,Banda Aceh,ID,5.5577,95.3222,79.57,83,65,3.27,broken clouds
568,Zhezkazgan,KZ,47.8043,67.7144,53.26,62,68,18.41,broken clouds
569,Romny,UA,50.751,33.4747,39.27,90,100,9.15,overcast clouds
570,Lac-Megantic,CA,45.5834,-70.8823,39.56,81,100,6.51,overcast clouds
571,Nyeri,KE,-0.4201,36.9476,60.21,95,100,1.19,overcast clouds
572,Chifeng,CN,42.2683,118.9636,46.83,28,15,7.02,few clouds
573,Shahr-E Kord,IR,32.3256,50.8644,44.37,26,0,4.61,clear sky
574,Waddan,LY,29.1614,16.139,64.8,56,17,14.09,few clouds
575,Cambuci,BR,-21.5753,-41.9111,66.92,86,18,2.53,few clouds
576,Shumyachi,RU,53.8583,32.4242,34.02,85,100,13.78,overcast clouds
577,Corrales,US,35.2378,-106.6067,81.9,7,0,11.5,"sand,dust whirls"
578,Karhal,IN,27.0003,78.9414,82.6,14,0,5.77,clear sky
579,Parabel,RU,58.6978,81.4825,46.35,89,100,9.35,overcast clouds
580,Barentu,ER,15.1139,37.5928,80.13,41,43,6.06,scattered clouds
581,Vostok,RU,46.4856,135.8833,35.38,63,2,12.86,clear sky
582,Karwar,IN,14.8,74.1333,78.96,85,31,2.35,scattered clouds
583,Filingue,NE,14.3521,3.3168,87.17,33,90,14.25,overcast clouds
584,Alihe,CN,50.5667,123.7167,32.16,46,25,7.27,scattered clouds
585,Joshimath,IN,30.5667,79.5667,52.14,45,7,8.79,clear sky
586,Oudtshoorn,ZA,-33.5907,22.2014,53.82,85,2,2.21,clear sky
587,Caravelas,BR,-17.7125,-39.2481,77.52,67,100,11.12,overcast clouds
588,Grindavik,IS,63.8424,-22.4338,46.87,100,100,17.27,overcast clouds
589,Palmas,BR,-10.2128,-48.3603,84.07,74,40,8.05,moderate rain
590,Arroyo,ES,41.6096,-4.7969,53.64,66,0,9.22,clear sky
591,Haverfordwest,GB,51.8017,-4.9691,50.56,91,98,1.01,overcast clouds
592,Ha Giang,VN,22.8333,104.9833,65.93,97,100,1.72,overcast clouds
593,Colchester,GB,51.8892,0.9042,49.14,87,22,8.05,few clouds
594,Kokopo,PG,-4.352,152.2633,82.56,72,94,3.11,overcast clouds
595,Kangaatsiaq,GL,68.3065,-53.4641,1.31,95,74,5.32,broken clouds
596,Oneonta,US,42.4529,-75.0638,39.65,98,100,2.24,overcast clouds
597,Nykoping,SE,58.753,17.0079,46.26,70,0,0.0,clear sky
598,Flinders,AU,-34.5833,150.8552,67.05,92,2,8.01,clear sky
599,Moron,AR,-34.6534,-58.6198,66.96,73,70,5.93,broken clouds
600,Amga,RU,60.8953,131.9608,24.19,89,100,4.9,light snow
601,Pundaguitan,PH,6.3711,126.1689,81.0,76,76,2.66,broken clouds
602,Elizabeth City,US,36.2946,-76.2511,75.22,70,75,12.66,broken clouds
603,Eyl,SO,7.9803,49.8164,80.4,79,36,4.52,scattered clouds
604,Harper,LR,4.375,-7.7169,78.57,84,98,4.76,light rain
605,Yelandur,IN,12.0667,77.0333,75.6,77,59,2.77,broken clouds
606,Fairhope,US,30.523,-87.9033,80.76,63,75,9.22,broken clouds
607,Khandyga,RU,62.6667,135.6,16.47,87,96,0.69,overcast clouds
608,Fukuma,JP,33.7667,130.4667,51.15,57,63,3.11,broken clouds
609,Damietta,EG,31.4165,31.8133,62.49,71,54,17.22,broken clouds
610,Mayo,US,38.8876,-76.5119,75.61,65,40,11.5,light rain
611,Ntungamo,UG,-0.8833,29.65,64.58,96,100,2.59,overcast clouds
612,Bafoulabe,ML,13.8065,-10.8321,97.74,16,90,3.33,overcast clouds
613,Ibotirama,BR,-12.1853,-43.2206,73.06,90,99,2.62,overcast clouds
614,Helena,US,46.5927,-112.0361,34.18,82,100,12.66,overcast clouds
615,Kolpashevo,RU,58.3131,82.9089,42.76,90,100,7.02,overcast clouds
616,Biak,ID,-0.9131,122.8766,78.3,83,89,2.3,overcast clouds
617,Santiago Del Estero,AR,-27.7951,-64.2615,65.73,51,2,6.53,clear sky
618,Mpika,ZM,-11.8343,31.4529,61.07,95,87,6.22,overcast clouds
619,Tevaitoa,PF,-16.7833,-151.5,81.21,73,10,13.78,clear sky
620,Bachaquero,VE,9.9694,-71.1494,84.45,66,52,1.97,broken clouds
621,Huamuxtitlan,MX,17.8167,-98.5667,100.27,18,27,5.59,scattered clouds
622,Manggar,ID,-2.8833,108.2667,80.96,75,67,1.92,broken clouds
623,Zhanakorgan,KZ,43.9098,67.2495,62.62,53,100,18.72,overcast clouds
624,Vagur,FO,61.4732,-6.8119,46.9,90,100,23.8,overcast clouds
625,Bud,US,39.447,-86.1758,59.76,36,2,14.25,clear sky
626,Onguday,RU,50.75,86.15,39.54,65,0,4.05,clear sky
627,Guanica,PR,17.9716,-66.908,81.5,75,98,16.78,overcast clouds
628,Murgab,TM,37.4966,61.9714,60.67,55,12,11.5,few clouds
629,Mocuba,MZ,-16.8392,36.9856,70.47,99,46,2.08,light rain
630,Itanagar,IN,27.1,93.6167,64.56,96,35,2.75,scattered clouds
631,Capaccio,IT,40.4244,15.0809,58.06,71,100,7.16,overcast clouds
632,Zyryanka,RU,65.75,150.85,10.63,89,100,2.13,overcast clouds
633,Erenhot,CN,43.6475,111.9767,44.49,30,91,5.93,overcast clouds
634,Chinchani,IN,19.8667,72.7,79.09,75,0,4.38,clear sky
635,Lichinga,MZ,-13.3128,35.2406,66.29,94,75,6.91,broken clouds
636,Saint-Georges,GD,12.0564,-61.7485,82.08,74,20,23.02,few clouds
637,Oskemen,KZ,49.9565,82.6119,33.76,75,0,0.0,clear sky
638,Rjukan,NO,59.8789,8.5941,33.44,73,98,5.77,overcast clouds
639,Kabinda,CD,-6.1333,24.4833,67.71,91,89,2.75,overcast clouds
640,Nishihara,JP,26.1842,127.7558,67.28,67,40,5.75,scattered clouds
641,Arica,CL,-18.475,-70.3042,69.35,68,0,9.22,clear sky
642,Iramuco,MX,19.95,-100.9167,89.71,14,0,0.0,clear sky
643,Jimo,CN,36.3897,120.4622,44.38,65,0,2.24,clear sky
644,Havoysund,NO,70.9963,24.6622,39.43,92,100,31.14,overcast clouds
645,Zeya,RU,53.75,127.2667,28.47,60,23,4.52,few clouds
646,Kenai,US,60.5544,-151.2583,45.03,55,100,8.05,overcast clouds
647,Kondopoga,RU,62.2057,34.2614,24.48,95,79,2.64,broken clouds
648,Makubetsu,JP,45.3714,141.8211,44.37,86,85,20.96,light rain
649,Morwa,IN,22.9,73.8333,78.21,59,0,5.95,clear sky
650,Alyangula,AU,-13.8483,136.4192,78.67,89,98,5.75,overcast clouds
651,Imeni Poliny Osipenko,RU,52.4201,136.4853,28.02,86,100,17.69,overcast clouds
652,Susanville,US,40.4163,-120.653,44.11,84,89,13.31,overcast clouds
653,Lagoa,PT,39.05,-27.9833,58.71,73,19,12.26,few clouds
654,Quelimane,MZ,-17.8786,36.8883,80.55,89,75,5.75,broken clouds
655,Zabol,AF,32.25,67.25,63.97,23,100,4.99,overcast clouds
656,Biga,TR,40.2281,27.2422,60.06,75,46,0.72,scattered clouds
657,Iquitos,PE,-3.7481,-73.2472,84.24,79,40,4.61,scattered clouds
658,Gizo,SB,-8.103,156.8419,82.26,73,100,7.05,light rain
659,Itacare,BR,-14.2775,-38.9967,74.82,90,100,8.63,overcast clouds
660,Ereymentau,KZ,51.6199,73.1033,53.29,65,100,6.11,overcast clouds
661,Ulladulla,AU,-35.35,150.4667,61.7,67,8,5.46,clear sky
662,Kohima,IN,25.6667,94.1167,59.68,73,9,3.71,light rain
663,Boa Vista,BR,2.8197,-60.6733,89.58,48,20,8.05,few clouds
664,Dunn,US,44.95,-91.8835,41.2,47,100,10.36,overcast clouds
665,Telemaco Borba,BR,-24.3239,-50.6156,55.06,82,0,2.84,clear sky
666,Kaniama,CD,-7.5667,24.1833,67.62,92,99,1.9,overcast clouds
667,Mufulira,ZM,-12.5498,28.2407,61.57,97,95,4.43,overcast clouds
668,Goure,NE,13.9835,10.2704,82.02,53,76,14.29,broken clouds
669,Khasan,RU,42.4308,130.6434,47.62,45,87,2.08,overcast clouds
670,Zarubino,RU,42.63,131.0922,45.54,46,96,4.03,overcast clouds
671,Adilcevaz,TR,38.8039,42.7342,41.13,64,6,3.33,clear sky
672,Jolalpan,MX,18.325,-98.8417,102.11,17,15,4.99,few clouds
673,Sokoni,TZ,-6.4333,39.55,78.66,77,100,10.6,light rain
674,Ust-Kuyga,RU,70.0167,135.6,3.6,92,99,4.92,overcast clouds
675,Tyssedal,NO,60.1165,6.562,42.87,70,99,3.51,overcast clouds
676,Marsh Harbour,BS,26.5412,-77.0636,76.93,71,0,8.5,clear sky
677,Teahupoo,PF,-17.8333,-149.2667,80.56,75,16,11.14,light rain
678,Ust-Kulom,RU,61.6864,53.6902,18.93,97,95,2.53,overcast clouds
679,Hokitika,NZ,-42.7167,170.9667,60.03,63,95,4.29,overcast clouds
680,Fairbanks,US,64.8378,-147.7164,33.76,34,0,12.66,clear sky
681,Manakara,MG,-22.1333,48.0167,72.55,88,30,2.73,scattered clouds
682,Shimoda,JP,34.6667,138.95,49.1,76,100,10.92,overcast clouds
683,Santa Helena De Goias,BR,-17.8136,-50.5969,65.95,52,3,7.81,clear sky
684,Nagaur,IN,27.2,73.7333,81.03,33,0,5.68,clear sky
685,Dasoguz,TM,41.8363,59.9666,58.95,67,0,13.8,clear sky
686,Lucapa,AO,-8.4192,20.7447,66.36,94,21,1.36,few clouds
687,Tambacounda,SN,13.7539,-13.7586,91.45,24,0,4.61,clear sky
688,Farmington,US,36.7281,-108.2187,75.88,11,0,19.57,clear sky
689,Belmonte,BR,-15.8631,-38.8828,76.6,87,100,13.96,moderate rain
690,Muli,MV,2.9167,73.5667,82.99,77,84,9.28,broken clouds
691,Baleshwar,IN,21.4942,86.9317,77.88,80,7,9.44,clear sky
692,Iguape,BR,-24.7081,-47.5553,67.95,80,13,9.44,few clouds
693,Severnyy,RU,50.677,36.5532,48.24,93,75,4.47,shower rain
694,Weihai,CN,37.5017,122.1136,52.21,45,0,9.84,clear sky
695,Poum,NC,-20.2333,164.0167,78.33,66,4,6.53,clear sky
